comparison,metric,season,estimate,ci_low,ci_high,pre_reference,post_2026,bootstrap_reps
annual_level,player_match_spearman,2022,0.5862904750916704,,,,,
annual_level,within_match_rank_correlation,2022,0.5885702975982887,,,,,
annual_level,top3_overlap,2022,0.6498316498316498,,,,,
annual_level,winner_agreement,2022,0.5707070707070707,,,,,
annual_level,extreme_disagreement_rate,2022,0.08585858585858586,,,,,
annual_level,player_match_spearman,2023,0.5331696067380904,,,,,
annual_level,within_match_rank_correlation,2023,0.5345791901969688,,,,,
annual_level,top3_overlap,2023,0.5861513687600645,,,,,
annual_level,winner_agreement,2023,0.48792270531400966,,,,,
annual_level,extreme_disagreement_rate,2023,0.15942028985507245,,,,,
annual_level,player_match_spearman,2024,0.5397886438916633,,,,,
annual_level,within_match_rank_correlation,2024,0.541951468085916,,,,,
annual_level,top3_overlap,2024,0.5861513687600644,,,,,
annual_level,winner_agreement,2024,0.5120772946859904,,,,,
annual_level,extreme_disagreement_rate,2024,0.14492753623188406,,,,,
annual_level,player_match_spearman,2025,0.5467571507288901,,,,,
annual_level,within_match_rank_correlation,2025,0.5480602562033062,,,,,
annual_level,top3_overlap,2025,0.5970873786407768,,,,,
annual_level,winner_agreement,2025,0.5339805825242718,,,,,
annual_level,extreme_disagreement_rate,2025,0.14563106796116504,,,,,
annual_level,player_match_spearman,2026,0.6174234895588622,,,,,
annual_level,within_match_rank_correlation,2026,0.6189188372704186,,,,,
annual_level,top3_overlap,2026,0.6586151368760066,,,,,
annual_level,winner_agreement,2026,0.6086956521739131,,,,,
annual_level,extreme_disagreement_rate,2026,0.10144927536231885,,,,,
2026_vs_equal_weight_pre_years,player_match_spearman,2026,0.06592202044628359,0.043025645342851734,0.08941848186027185,0.5515014691125786,0.6174234895588622,2000.0
2026_vs_equal_weight_pre_years,within_match_rank_correlation,2026,0.06562853424929871,0.042898769955842186,0.08851032320426169,0.5532903030211199,0.6189188372704186,2000.0
2026_vs_equal_weight_pre_years,top3_overlap,2026,0.05380969537786773,0.018806882139248214,0.08735634006449762,0.6048054414981389,0.6586151368760066,2000.0
2026_vs_equal_weight_pre_years,winner_agreement,2026,0.08252373886607745,0.004948892683696377,0.1530549666142215,0.5261719133078356,0.6086956521739131,2000.0
2026_vs_equal_weight_pre_years,extreme_disagreement_rate,2026,-0.032510094614358,-0.07617424508913535,0.014533779649598524,0.13395936997667685,0.10144927536231885,2000.0
