scope,diagnostic,value
full_2022_2026,correlation,0.7866066487823515
full_2022_2026,covariance,0.7866066487823509
full_2022_2026,visible_variance,0.9999999999999999
full_2022_2026,placebo_variance,1.0000000000000002
full_2022_2026,two_predictor_vif,2.6229509566407505
2022,correlation,0.7991812197764234
2022,covariance,0.8361536352667837
2022,visible_variance,1.057307186413216
2022,placebo_variance,1.0353339157975232
2022,two_predictor_vif,2.7677111666886502
2023,correlation,0.7920761937291693
2023,covariance,0.7998401412962316
2023,visible_variance,1.003249014455818
2023,placebo_variance,1.0163978305816928
2023,two_predictor_vif,2.683733037988101
2024,correlation,0.7944238399980951
2024,covariance,0.8066959014000754
2024,visible_variance,1.0229202507550323
2024,placebo_variance,1.0080298376807675
2024,two_predictor_vif,2.710829605431993
2025,correlation,0.7916045904622763
2025,covariance,0.8079423798403207
2025,visible_variance,1.032803695318229
2025,placebo_variance,1.0086172404257598
2025,two_predictor_vif,2.6783645319010203
2026,correlation,0.7528150857557582
2026,covariance,0.6849891834435341
2026,visible_variance,0.88679034409433
2026,placebo_variance,0.9336193515671676
2026,two_predictor_vif,2.3080325827546213
full_2022_2026,visible_residual_variance_share,0.3751220592643549
interaction_covariance,var_visible_change,8.316830263922913e-05
interaction_covariance,var_placebo_change,9.713179875091338e-05
interaction_covariance,cov_visible_placebo_changes,-8.03874750857926e-05
interaction_covariance,corr_visible_placebo_changes,-0.8943937448751976
interaction_covariance,var_direct_contrast,0.0003410750515617277
