feature,family,season,coefficient,std_error,ci_low,ci_high,p_raw
kicks,Possession,2022,0.11280551126057993,0.008547109999259936,0.09594993483166202,0.12966108768949783,6.542642275528917e-29
kicks,Possession,2023,0.10470447910812927,0.008881291865952943,0.08719459770945638,0.12221436050680216,7.47007148975086e-25
kicks,Possession,2024,0.08625358679582419,0.008408676604533665,0.06967548844173052,0.10283168514991786,3.298472852941479e-20
kicks,Possession,2025,0.09394092307870801,0.008382187502343055,0.07741457286761422,0.1104672732898018,4.7681750405006794e-23
kicks,Possession,2026,0.08982608080683585,0.00768364675883933,0.07467741263026781,0.10497474898340389,1.5038424036991025e-24
handballs,Possession,2022,0.004898086204847555,0.007192656877454719,-0.009286401620325804,0.019082574030020914,0.49668110049695546
handballs,Possession,2023,-0.005463956963708563,0.006875838017738753,-0.019019992507212632,0.008092078579795504,0.42772556364488434
handballs,Possession,2024,0.021386055221315363,0.006496522162004062,0.008577858589852038,0.03419425185277869,0.0011708111959119988
handballs,Possession,2025,0.005813771466990889,0.007224630838198719,-0.008430335974481317,0.020057878908463098,0.42191622668947604
handballs,Possession,2026,0.022277673553754443,0.006562749464115068,0.009338906705387954,0.035216440402120935,0.0008244973913016779
disposals,Possession,2022,0.13342314521252674,0.012215895440137386,0.1093324339362317,0.15751385648882177,5.111879810007547e-22
disposals,Possession,2023,0.12143454190327808,0.012261183986097025,0.09726104545205767,0.1456080383544985,3.674187450234064e-19
disposals,Possession,2024,0.1258810485088398,0.011472308485043457,0.10326285692432692,0.1484992400933527,2.3435866250190113e-22
disposals,Possession,2025,0.11543403815025925,0.011816085221392821,0.0921374031801775,0.13873067312034099,9.442281552930546e-19
disposals,Possession,2026,0.12232753396783914,0.011105513181691347,0.10043249644201754,0.14422257149366075,1.7425391567379637e-22
marks,Other,2022,0.0486919250135197,0.006737849737582523,0.03540435281329994,0.061979497213739465,1.0627617511321016e-11
marks,Other,2023,0.03296987692595749,0.00662313626397017,0.019912054683458344,0.04602769916845664,1.3550843361893403e-06
marks,Other,2024,0.007352172139201682,0.0069495705812390295,-0.006349230594300868,0.021053574872704234,0.29132549013139375
marks,Other,2025,0.023940681207857487,0.006342324391896225,0.011436132243337118,0.03644523017237786,0.00020971371349557115
marks,Other,2026,0.02502296728486092,0.006104882461195863,0.012986906601147749,0.03705902796857409,5.971549461533313e-05
contested_marks,Other,2022,0.04176863887784249,0.006075878639696217,0.029786526000730007,0.05375075175495497,8.014054495285887e-11
contested_marks,Other,2023,0.0346227040061964,0.005729240327049469,0.023327239320962104,0.0459181686914307,6.980441287411487e-09
contested_marks,Other,2024,0.015296436662996744,0.005626207290974917,0.004204106416877856,0.02638876690911563,0.007111062528599307
contested_marks,Other,2025,0.03555752274611702,0.005531003819734393,0.02465257626069456,0.04646246923153949,8.866174562693274e-10
contested_marks,Other,2026,0.04292708027313605,0.005629615764863881,0.03182803006167349,0.0540261304845986,8.805582442802013e-13
tackles,Other,2022,0.005333742413039569,0.005717876331107354,-0.005942361617261406,0.016609846443340546,0.3520554009699197
tackles,Other,2023,-0.009035864764642588,0.0059916241669231915,-0.020848631435495653,0.0027769019062104747,0.1330654547328335
tackles,Other,2024,0.001811934205237865,0.005865191352077739,-0.009751564270598312,0.01337543268107404,0.7576869057825544
tackles,Other,2025,-0.007514073301274254,0.005582365251529827,-0.018520284165351727,0.003492137562803219,0.17977701912891916
tackles,Other,2026,-0.007069431325579233,0.0056824647565923425,-0.01827267579066747,0.004133813139509007,0.21488445051484895
goals,Scoring,2022,0.09756579631787464,0.007368785150737125,0.08303396961770587,0.11209762301804341,4.855672934327062e-29
goals,Scoring,2023,0.08977842350712395,0.006325515747426764,0.07730737400277393,0.10224947301147397,2.4365184824427358e-32
goals,Scoring,2024,0.08524573643569479,0.006877168028852889,0.07168707871320833,0.09880439415818125,9.985320999600616e-27
goals,Scoring,2025,0.07510833300834961,0.007045938880928521,0.061216535255121385,0.08900013076157784,2.154808357595928e-21
goals,Scoring,2026,0.11195344118897348,0.006149971487863313,0.09982848538490566,0.1240783969930413,9.064526652097133e-45
behinds,Other,2022,0.052618447604518705,0.007194109732015037,0.03843109463532782,0.06680580057370959,6.378644348860962e-12
behinds,Other,2023,0.04043949297171412,0.006671325073967616,0.02728666424136007,0.053592321702068166,6.330876492266704e-09
behinds,Other,2024,0.03602251914689632,0.006434013478769178,0.02333756130167601,0.048707476992116625,6.843065343368635e-08
behinds,Other,2025,0.03226085319564633,0.005992830072800263,0.02044536845362792,0.044076337937664745,1.992536504759719e-07
behinds,Other,2026,0.043987513372989,0.006794521826762475,0.030591796494976023,0.057383230251001976,6.860660153227563e-10
goal_assists,Other,2022,0.008341492793002907,0.006572471638736523,-0.004619940725836921,0.021302926311842735,0.2058827722803487
goal_assists,Other,2023,0.025028217139667998,0.006669756270929039,0.011878481377719666,0.03817795290161633,0.0002276394601536136
goal_assists,Other,2024,0.019457199191602846,0.00689230787183175,0.005868692562115514,0.03304570582109018,0.005223712520065298
goal_assists,Other,2025,0.012529604972419462,0.006043878099146363,0.0006134737630266365,0.02444573618181229,0.03941252071896272
goal_assists,Other,2026,0.013654594693351552,0.0066818693671775635,0.0004809773968377975,0.026828211989865305,0.042272970469538
score_involvements,Scoring,2022,0.09368739096549664,0.005677077414612505,0.08249174562301594,0.10488303630797734,5.421340870679813e-39
score_involvements,Scoring,2023,0.09193984450240905,0.005543267614455891,0.08101103369929595,0.10286865530552215,8.380228109140635e-40
score_involvements,Scoring,2024,0.09456616346051973,0.005637004093064831,0.08345254681519983,0.10567978010583963,2.164367230337794e-40
score_involvements,Scoring,2025,0.07162299001536022,0.00559244614460239,0.060596903627225196,0.08264907640349525,5.636074354456186e-28
score_involvements,Scoring,2026,0.09310235553442475,0.005230959962095435,0.08278927384316455,0.10341543722568496,1.5607500492580274e-43
clearances,Contest,2022,0.028542899317540265,0.006659886170020585,0.015409077434307781,0.041676721200772746,2.847050415524549e-05
clearances,Contest,2023,0.04016289783768798,0.006113966811642111,0.02810892693310845,0.052216868742267504,4.0568856745842895e-10
clearances,Contest,2024,0.055978338788779496,0.005764088560798188,0.04461416918436193,0.06734250839319705,1.347369943439584e-18
clearances,Contest,2025,0.04259662012324541,0.006164774402084427,0.030442129339931998,0.05475111090655882,6.009905568753732e-11
clearances,Contest,2026,0.04878630169314432,0.006256650723430534,0.036451022797495194,0.06112158058879344,3.088832796789228e-13
contested_possessions,Contest,2022,0.05474419209131555,0.006617685983218549,0.041693592311696795,0.0677947918709343,1.9401636250540662e-14
contested_possessions,Contest,2023,0.058407457810013726,0.00595023005455291,0.04667630156353885,0.07013861405648861,6.663048715830492e-19
contested_possessions,Contest,2024,0.05891606433127792,0.006570607215821746,0.04596180555870481,0.07187032310385102,1.884663541550768e-16
contested_possessions,Contest,2025,0.04981275450238226,0.00606892455418948,0.037847241614582305,0.06177826739018222,2.4767792170416487e-14
contested_possessions,Contest,2026,0.06199817379257148,0.005557135622645007,0.051042021564101314,0.07295432602104164,6.474316827387842e-23
hitouts,Other,2022,0.007272688609859705,0.00672481705855757,-0.005989182117301016,0.020534559337020426,0.2808101249664608
hitouts,Other,2023,-0.013882412524375113,0.005742266225361289,-0.025203558376042583,-0.0025612666727076426,0.016494325994510117
hitouts,Other,2024,-0.010636072886242756,0.006118530240236679,-0.022699040803269146,0.0014268950307836335,0.08364546489398596
hitouts,Other,2025,-0.0003601530898503451,0.006651976758436934,-0.013475213743797282,0.012754907564096593,0.9568745455030703
hitouts,Other,2026,0.010157244303103078,0.006045751460018778,-0.001762236852178566,0.022076725458384724,0.0944608445264234
intercept_marks,Other,2022,-0.000359057156783762,0.0064638255234761655,-0.013106231949617426,0.0123881176360499,0.9557576224606679
intercept_marks,Other,2023,-0.00459911418069067,0.006121398426292433,-0.016667736860382625,0.0074695084990012844,0.4533190071308244
intercept_marks,Other,2024,-0.01758609929547217,0.006549933415676382,-0.030499598706223943,-0.004672599884720394,0.00784533806939408
intercept_marks,Other,2025,-0.0015818892120217276,0.006461270471374615,-0.014320952683065243,0.011157174259021787,0.8068357869649144
intercept_marks,Other,2026,-0.004629237654430063,0.006002471223062692,-0.016463389802688223,0.007204914493828097,0.4414590802182248
intercepts,Other,2022,-0.018751737930210066,0.007544101761791844,-0.03362930284331251,-0.003874173017107624,0.013765253324065632
intercepts,Other,2023,-0.035231393634476894,0.007361490458691886,-0.04974491563044909,-0.0207178716385047,3.2441162732302405e-06
intercepts,Other,2024,-0.029677637602165276,0.007997354277531009,-0.045444794792389206,-0.013910480411941345,0.0002656725631100656
intercepts,Other,2025,-0.019481672142210374,0.007204953325290071,-0.033686983330375106,-0.00527636095404564,0.00742809066992411
intercepts,Other,2026,-0.030556196136867747,0.007112142554594838,-0.04457811710298476,-0.016534275170750738,2.675722831041399e-05
spoils,Other,2022,-0.030070636250321404,0.006151952132370311,-0.04220277206736259,-0.017938500433280224,2.1076362649294728e-06
spoils,Other,2023,-0.032429921314854004,0.0055863585582563696,-0.0434436879247001,-0.021416154705007902,2.4043890395035158e-08
spoils,Other,2024,-0.04126366391589746,0.005217017999336189,-0.051549258376914174,-0.030978069454880748,1.5539457480748078e-13
spoils,Other,2025,-0.026096760017582318,0.005330219450911384,-0.03660583933883613,-0.015587680696328505,1.9791963587136233e-06
spoils,Other,2026,-0.025717911929203734,0.005586086198504615,-0.036731141569088376,-0.014704682289319095,7.248183963314257e-06
