removed_feature,visible_change,ci_low,ci_high,change_from_primary
kicks,0.02956605367590081,0.013148484960040827,0.04598362239176079,-0.0005128888626545793
handballs,0.02538762574364194,0.008214560289982572,0.04256069119730131,-0.0046913167949134485
disposals,0.02905999345236626,0.012480896748088166,0.04563909015664435,-0.0010189490861891304
marks,0.032572691936048205,0.01512236749075764,0.05002301638133877,0.0024937493974928164
contested_marks,0.03061113055778721,0.011606881161366663,0.049615379954207756,0.0005321880192318204
tackles,0.027725790659566506,0.010327819229740957,0.045123762089392054,-0.002353151878988883
goals,0.021916904881042757,0.002711634186975228,0.04112217557511029,-0.008162037657512632
behinds,0.028740182145229467,0.01056310938362253,0.0469172549068364,-0.0013387603933259218
goal_assists,0.03012325003875186,0.012292084549262759,0.047954415528240965,4.430750019647142e-05
score_involvements,0.02735348758998599,0.008593933931369944,0.046113041248602035,-0.002725454948569399
clearances,0.027654193004839577,0.00974749142457483,0.045560894585104324,-0.0024247495337158115
contested_possessions,0.029021012341225227,0.010545452497670485,0.04749657218477997,-0.0010579301973301612
hitouts,0.027554456951030603,0.009226566564956316,0.04588234733710489,-0.0025244855875247857
intercept_marks,0.03361855699962215,0.01619842981644419,0.05103868418280011,0.003539614461066761
intercepts,0.034269358585368837,0.017822992633694294,0.05071572453704338,0.004190416046813448
spoils,0.027820383170124186,0.01091592093087445,0.04472484540937392,-0.0022585593684312025
