term,coefficient,std_error,ci_low,ci_high,p_raw,n,n_clusters,r_squared,specification,period,family,p_holm,result,analysis
prior_season_residual,0.0061310873649089,0.0023197035671599,0.0015756447151666,0.0106865300146513,0.0084243247380419,28520,620,0.0059562684933267,D4_full,2023-2025 development,recognition_persistence,0.0084243247380419,Development 2023-2025,
prior_season_residual,-0.001796677788509,0.0028232898207351,-0.0073629254314524,0.0037695698544343,0.5252369299355227,9522,207,0.0240125857907272,LOCKED_CONFIRMATORY,2026 frozen holdout,recognition_persistence,0.5252369299355227,Frozen 2026,
prior_season_actual_votes,-0.001796677788509,0.002823289820735,-0.0073629254314523,0.0037695698544342,0.5252369299355067,9522,207,0.0240125857907272,,,alternative_reputation,1.0,prior_actual,prior_actual
career_votes_per_game,-0.0277796862886151,0.0502409782088551,-0.1268321195458539,0.0712727469686237,0.5809116503831244,9522,207,0.0240033360823679,,,alternative_reputation,1.0,career_vpg,career_vpg
Intercept,1.0107787502774553e-18,0.0002895368815598,-0.000568593624463,0.000568593624463,0.9999999999999972,28520,620,0.0089259389674478,,,covariate,0.9999999999999972,player_FE_within_development,player_FE_within_development
prior_season_residual,-0.0198145218077184,0.0029378508673008,-0.0255838844663578,-0.014045159149079,3.5271103770881105e-11,28520,620,0.0089259389674478,,,recognition_persistence,7.054220754176221e-11,player_FE_within_development,player_FE_within_development
prior_season_expected_votes,0.0029363879472209,0.0020035214382625,-0.0009981350404332,0.0068709109348751,0.1432613870108274,28520,620,0.0089259389674478,,,covariate,0.1432613870108274,player_FE_within_development,player_FE_within_development
rookie_or_no_history,1.734723475976807e-18,1.3036590201227486e-18,-8.254070446049597e-19,4.2948539965585745e-18,0.1837917423822241,28520,620,0.0089259389674478,,,covariate,0.1837917423822241,player_FE_within_development,player_FE_within_development
team_won,0.0229505522082364,0.0035360308176316,0.0160064814978722,0.0298946229186007,1.7549293679282764e-10,28520,620,0.0089259389674478,,,match_context,1.0529576207569658e-09,player_FE_within_development,player_FE_within_development
abs_margin,-7.531752966625023e-07,2.010635782058963e-05,-4.023811692609464e-05,3.873176633276963e-05,0.9701306620170768,28520,620,0.0089259389674478,,,match_context,0.9701306620170768,player_FE_within_development,player_FE_within_development
close_game,0.0010062556316477,0.00097414546504,-0.0009067749216181,0.0029192861849135,0.3020249007300538,28520,620,0.0089259389674478,,,match_context,0.6040498014601077,player_FE_within_development,player_FE_within_development
coaches_votes,-0.0090918047593219,0.0027644255641112,-0.0145205941508081,-0.0036630153678358,0.001062977043012,28520,620,0.0089259389674478,,,covariate,0.001062977043012,player_FE_within_development,player_FE_within_development
